"playerID","yearID","G","G_batting","AB","R","H","2B","3B","HR","RBI","SB","CS","BB","SO","IBB","HBP","SH","SF","GIDP","G_old"
"abramcj01",2023,151,151,563,83,138,28,6,18,64,47,4,32,118,2,13,3,3,7,NA
"abreujo02",2023,141,141,540,62,128,23,1,18,90,0,1,42,130,1,6,0,6,16,NA
"abreuwi02",2023,28,28,76,10,24,6,0,2,14,3,1,9,23,0,0,0,0,0,NA
"acunaro01",2023,158,159,643,149,217,35,4,41,106,73,14,80,84,3,9,0,3,15,NA
"adamewi01",2023,149,149,553,73,120,29,2,24,80,5,3,71,165,1,6,0,6,12,NA
"adamsjo03",2023,17,17,39,1,5,0,0,0,1,1,2,0,16,0,0,0,1,0,NA
"adamsri03",2023,44,44,143,8,39,13,2,4,21,0,0,11,45,0,2,1,1,5,NA
"adelljo01",2023,16,17,58,7,12,3,1,3,6,1,0,4,25,0,0,0,0,1,NA
"adriaeh01",2023,5,5,10,0,0,0,0,0,0,0,0,1,4,0,0,0,0,0,NA
"aguilje01",2023,36,36,104,8,23,2,0,5,9,0,0,8,31,2,1,0,1,3,NA
"ahmedni01",2023,72,72,198,14,42,10,1,2,17,5,1,12,52,0,0,0,0,0,NA
"alberha01",2023,30,30,82,11,18,5,0,3,16,0,0,4,13,0,1,2,1,1,NA
"albieoz01",2023,148,148,596,96,167,30,5,33,109,13,1,46,107,2,8,0,8,9,NA
"alfarjo01",2023,18,18,48,2,7,4,0,1,4,0,0,2,15,0,2,0,0,3,NA
"allengr01",2023,22,22,23,6,5,1,1,1,1,3,1,2,10,0,2,1,0,0,NA
"allenni02",2023,106,106,303,29,67,4,2,4,20,5,1,17,52,0,1,6,2,8,NA
"almonab01",2023,8,8,15,1,1,1,0,0,0,0,0,1,8,0,0,0,0,0,NA
"alonspe01",2023,153,154,568,92,123,21,2,46,118,4,1,65,151,6,21,0,4,17,NA
"altuvjo01",2023,89,90,360,76,112,21,2,17,51,14,2,44,71,0,5,0,1,9,NA
"aluja01",2023,51,51,159,14,36,2,1,2,16,5,1,10,42,0,3,1,2,2,NA
"alvarfr01",2023,123,123,382,51,80,12,0,25,63,2,0,34,110,0,6,0,1,14,NA
"alvaryo01",2023,114,114,410,77,120,24,1,31,97,0,0,69,92,5,13,0,4,7,NA
"amayaja01",2023,4,4,9,1,2,0,0,0,2,1,0,0,1,0,0,0,0,0,NA
"amayami01",2023,53,53,131,17,28,4,0,5,18,0,0,12,40,0,11,1,1,2,NA
"anderbr06",2023,96,96,318,38,72,12,3,9,40,1,3,36,108,0,4,0,3,10,NA
"anderti01",2023,123,123,493,52,121,18,2,1,25,13,2,26,122,0,3,0,2,15,NA
"andruel01",2023,112,112,374,39,94,20,1,6,44,12,4,25,71,1,4,1,2,11,NA
"andujmi01",2023,30,30,84,9,21,7,0,4,18,2,0,6,13,0,0,0,0,1,NA
"arandjo01",2023,34,34,87,13,20,4,1,2,13,0,0,13,31,1,2,0,1,1,NA
"arauzjo01",2023,27,27,59,3,8,0,0,3,9,0,0,5,18,0,0,2,0,1,NA
"arciaor01",2023,139,139,488,66,129,25,0,17,65,1,0,39,102,0,3,0,3,14,NA
"arenano01",2023,144,144,560,71,149,26,2,26,93,3,3,41,101,5,3,0,8,21,NA
"ariasga01",2023,122,122,315,36,66,15,0,10,26,3,4,28,113,0,1,0,1,9,NA
"arozara01",2023,151,151,551,95,140,19,3,23,83,22,10,80,156,1,18,0,5,10,NA
"arraelu01",2023,147,147,574,71,203,30,3,10,69,3,2,35,34,10,4,1,3,18,NA
"arroych01",2023,66,66,195,23,47,16,0,3,24,1,3,7,45,0,1,1,2,8,NA
"azocajo01",2023,55,55,91,16,21,6,0,2,9,8,2,4,24,0,2,5,0,2,NA
"baddoak01",2023,112,112,312,40,68,13,1,11,34,14,3,42,89,2,0,2,1,4,NA
"baderha01",2023,98,98,319,44,74,12,2,7,40,20,3,17,59,0,3,1,4,7,NA
"baeji01",2023,111,111,334,54,77,17,2,2,32,24,9,30,92,0,2,3,2,4,NA
"baezja01",2023,135,136,510,58,113,18,4,9,59,12,0,24,125,0,9,0,3,12,NA
"bailepa01",2023,97,97,326,29,76,18,1,7,48,1,0,21,100,0,3,2,1,8,NA
"bakerlu01",2023,33,33,86,9,18,3,0,2,10,0,0,13,31,0,0,0,0,1,NA
"bannory01",2023,2,2,6,0,0,0,0,0,0,0,0,0,3,0,0,0,0,0,NA
"barneau01",2023,59,59,178,15,32,5,0,2,11,2,1,17,43,0,2,1,2,7,NA
"barnhtu01",2023,47,43,109,6,22,3,0,1,9,1,0,12,42,0,1,0,1,4,NA
"barretr01",2023,6,6,2,0,0,0,0,0,0,0,0,0,0,0,0,0,0,0,NA
"bartjo01",2023,30,30,87,9,18,5,0,0,5,0,0,3,23,0,4,0,1,0,NA
"basabos01",2023,31,31,87,15,19,5,0,1,12,0,1,6,25,0,1,0,0,2,NA
"battema01",2023,43,43,120,19,31,6,0,2,11,2,2,17,30,0,1,1,0,0,NA
"batybr01",2023,108,108,353,41,75,12,0,9,34,2,0,29,109,0,2,1,1,8,NA
"bauerja01",2023,84,84,242,28,49,15,0,12,30,3,2,27,95,0,0,0,3,3,NA
"beatyma01",2023,30,30,61,8,14,4,0,0,4,0,0,6,14,0,5,0,0,1,NA
"bellico01",2023,130,130,499,95,153,29,1,26,97,20,6,40,87,3,5,0,12,7,NA
"belljo02",2023,150,150,547,52,135,28,0,22,74,0,1,63,134,2,2,0,3,13,NA
"beltbr01",2023,103,103,339,53,86,23,0,19,43,0,0,61,141,1,2,0,2,5,NA
"bemboan01",2023,6,6,11,0,2,0,0,0,0,0,0,2,2,0,0,0,0,0,NA
"beninan01",2023,151,151,562,72,147,34,2,5,45,13,2,52,89,5,3,1,3,12,NA
"bensowi01",2023,108,108,287,51,79,15,8,11,31,19,3,40,103,0,1,0,1,3,NA
"bertijo01",2023,133,133,388,53,114,16,3,7,33,16,6,29,77,2,2,2,3,10,NA
"bethach01",2023,104,104,315,49,71,16,0,11,33,1,0,13,91,0,0,1,3,6,NA
"bettsmo01",2023,152,152,584,126,179,40,1,39,107,14,3,96,107,3,8,0,5,5,NA
"bichebo01",2023,135,135,571,69,175,30,3,20,73,5,3,27,115,0,2,0,1,14,NA
"biggica01",2023,111,111,289,54,68,12,0,9,40,5,2,40,88,0,7,0,2,0,NA
"blackch02",2023,96,96,359,57,100,24,5,8,40,4,1,39,55,0,11,0,4,6,NA
"blancda02",2023,69,69,124,19,32,7,4,3,18,24,5,10,33,0,2,2,0,2,NA
"blanktr01",2023,10,10,31,2,5,0,0,1,1,0,0,6,6,0,0,0,0,0,NA
"bledajj01",2023,82,82,256,35,50,11,0,10,27,5,1,42,72,0,2,0,3,3,NA
"bogaexa01",2023,155,155,596,83,170,31,2,19,58,19,2,56,110,0,7,0,6,21,NA
"bohmal01",2023,145,145,558,74,153,31,0,20,97,4,1,42,94,1,5,0,6,23,NA
"bouchse01",2023,21,21,38,11,12,2,0,4,7,0,1,4,14,0,0,0,1,0,NA
"bradlja02",2023,43,43,105,10,14,5,0,1,6,0,0,5,29,0,2,1,0,3,NA
"brantmi02",2023,15,15,54,7,15,2,0,2,7,0,0,2,2,0,0,0,1,2,NA
"bregmal01",2023,161,161,622,103,163,28,4,25,98,3,1,92,87,1,8,0,2,22,NA
"brennwi02",2023,138,138,432,41,115,24,0,5,41,13,5,16,57,2,5,0,2,4,NA
"bridejo01",2023,40,40,88,9,15,3,0,0,7,0,1,11,22,0,4,1,2,3,NA
"brossmi01",2023,29,29,73,4,15,2,0,4,8,0,0,4,20,0,1,0,0,2,NA
"brownse01",2023,112,112,343,33,76,19,1,14,52,3,1,30,101,1,2,1,2,6,NA
"brujavi01",2023,37,37,76,14,13,2,0,0,6,3,2,5,21,0,2,1,0,1,NA
"bryankr01",2023,80,80,300,36,70,10,0,10,31,0,0,29,68,0,6,0,0,6,NA
"burdipe01",2023,14,14,33,4,6,2,0,1,2,1,0,3,18,0,1,0,0,0,NA
"burgeja01",2023,141,141,492,71,123,28,1,34,80,1,1,32,149,0,12,0,4,4,NA
"burleal01",2023,107,107,315,34,77,20,1,8,36,3,1,23,45,0,3,1,2,13,NA
"buschmi02",2023,27,27,72,9,12,3,0,2,7,1,0,8,27,0,0,0,1,0,NA
"butlela01",2023,42,42,123,10,26,4,0,4,10,0,0,4,35,0,1,0,1,5,NA
"buxtoby01",2023,85,85,304,49,63,17,1,17,42,9,0,35,109,2,4,0,4,3,NA
"cabaljo01",2023,104,104,231,37,51,9,1,4,26,26,3,28,66,0,17,0,4,0,NA
"cabbatr01",2023,22,22,53,5,11,3,0,1,7,1,1,2,26,0,0,0,1,1,NA
"cabremi01",2023,98,98,334,21,86,20,0,4,34,0,0,31,74,0,2,0,3,11,NA
"cabreos01",2023,115,115,298,35,63,11,0,5,29,8,0,25,72,1,2,3,2,6,NA
"calhoko01",2023,43,43,157,18,34,7,0,6,25,0,1,13,37,0,2,0,2,3,NA
"calhowi01",2023,44,44,134,16,32,7,0,5,16,0,0,14,20,1,0,0,1,2,NA
"callal01",2023,128,128,375,43,75,14,1,8,38,9,8,53,78,0,6,3,2,1,NA
"camarjo01",2023,8,8,18,0,4,0,0,0,2,0,0,1,4,0,1,0,0,2,NA
"caminju01",2023,7,7,34,4,8,1,0,1,7,0,0,2,8,0,0,0,0,2,NA
"campulu01",2023,49,49,163,27,52,7,0,7,30,0,0,7,21,0,3,0,1,8,NA
"canaral01",2023,6,6,17,1,5,1,1,1,6,0,0,0,8,0,0,0,0,0,NA
"candeje01",2023,139,140,505,77,127,39,3,22,70,8,1,53,127,1,13,0,4,11,NA
"canhama01",2023,139,139,435,51,114,25,1,11,62,11,1,49,79,1,17,0,6,11,NA
"canzodo01",2023,59,59,173,23,38,13,0,6,21,1,0,8,32,0,1,0,0,5,NA
"capelco01",2023,32,32,73,6,19,5,0,0,3,5,3,12,25,0,1,0,0,1,NA
"capravi01",2023,9,9,18,3,3,1,0,0,1,0,0,2,5,0,0,1,0,0,NA
"caratvi01",2023,62,62,201,23,52,4,0,7,25,1,1,19,45,0,3,0,3,8,NA
"carlsdy01",2023,76,76,219,27,48,8,1,5,27,3,0,26,49,0,7,0,3,4,NA
"carpeke01",2023,118,118,418,57,116,17,2,20,64,6,0,32,115,3,8,0,1,5,NA
"carpema01",2023,76,76,188,18,33,12,0,5,31,1,0,41,67,0,2,0,5,2,NA
"carroco02",2023,155,155,565,116,161,30,10,25,76,54,5,57,125,1,13,6,4,7,NA
"carteev01",2023,23,23,62,15,19,4,1,5,12,3,0,12,24,1,0,0,1,1,NA
"casalcu01",2023,40,40,80,8,14,2,0,0,6,0,0,11,23,0,2,3,0,1,NA
"casastr01",2023,132,132,429,66,113,21,2,24,65,0,0,70,126,2,1,0,2,7,NA
"casteni01",2023,157,157,626,79,170,37,2,29,106,11,2,36,185,0,3,0,6,17,NA
"castidi02",2023,1,1,1,0,0,0,0,0,0,0,0,0,0,0,0,0,0,0,NA
"castrha01",2023,99,99,258,24,65,13,0,1,31,1,0,9,66,0,0,1,2,5,NA
"castrro01",2023,92,92,227,21,48,7,0,6,24,1,4,23,74,1,5,0,1,4,NA
"castrwi01",2023,124,124,358,60,92,18,5,9,34,33,5,34,99,1,12,2,3,5,NA
"caveja01",2023,65,65,184,18,39,8,1,5,21,3,0,15,55,0,1,1,2,3,NA
"changyu01",2023,39,39,105,12,17,2,0,6,18,4,0,3,34,0,2,2,0,2,NA
"chapmma01",2023,140,140,509,66,122,39,2,17,54,4,2,62,165,1,8,0,2,4,NA
"chavimi01",2023,48,48,91,16,22,3,0,2,5,1,0,5,33,0,0,0,0,3,NA
"chishja01",2023,97,97,352,50,88,12,2,19,51,22,3,26,118,0,2,1,2,4,NA
"choiji01",2023,39,39,104,12,17,5,0,6,13,0,0,10,35,0,1,0,2,2,NA
"clemeer01",2023,30,29,50,7,19,1,1,1,10,1,0,1,4,0,0,0,1,0,NA
"clemeko01",2023,49,47,139,15,32,7,0,4,13,0,0,8,40,0,1,0,0,1,NA
"colasos01",2023,75,75,245,32,53,9,0,5,19,4,3,12,71,1,2,2,2,5,NA
"colliza01",2023,2,2,4,0,2,0,0,0,0,0,0,2,2,0,0,0,0,0,NA
"confomi01",2023,125,125,406,58,97,14,0,15,58,4,0,53,106,4,7,0,4,12,NA
"contrwi01",2023,125,125,428,55,113,27,0,20,67,6,3,51,111,0,13,1,2,12,NA
"contrwi02",2023,141,141,540,86,156,38,1,17,78,6,1,63,126,2,5,1,2,23,NA
"coopega03",2023,123,123,422,42,106,18,1,17,61,0,0,31,132,0,2,0,2,15,NA
"cordefr02",2023,24,24,69,9,13,2,0,6,13,0,0,2,25,0,0,0,0,0,NA
"correca01",2023,135,135,514,60,118,29,2,18,65,0,0,59,131,3,4,0,3,30,NA
"cowseco01",2023,26,26,61,15,7,2,0,0,4,1,0,13,22,0,2,0,1,1,NA
"crawfbr01",2023,94,93,283,31,55,11,1,7,38,3,0,28,81,1,4,1,4,5,NA
"crawfjp01",2023,145,145,534,94,142,35,0,19,65,2,0,94,125,1,5,3,2,7,NA
"croncj01",2023,71,71,258,38,64,12,0,12,37,0,0,17,65,0,1,0,2,13,NA
"croneja01",2023,127,127,458,54,105,24,7,10,48,6,1,46,97,2,11,1,5,8,NA
"croplty01",2023,2,2,6,0,1,0,0,0,1,0,0,0,2,0,0,0,1,0,NA
"crowape01",2023,13,13,14,3,0,0,0,0,1,2,2,3,7,0,0,2,0,0,NA
"cruzne02",2023,49,49,143,9,35,5,1,5,23,1,0,6,46,1,2,0,1,2,NA
"cruzon01",2023,9,9,32,7,8,1,0,1,4,3,0,7,8,0,0,0,1,0,NA
"culbech01",2023,1,1,1,0,1,0,0,0,0,0,0,0,0,0,0,0,0,0,NA
"dahlda01",2023,4,4,9,1,1,0,0,1,1,0,0,0,2,0,0,0,0,0,NA
"dalbebo01",2023,21,21,49,6,10,2,0,1,1,1,0,4,28,0,0,0,0,0,NA
"darnatr01",2023,74,74,267,31,60,13,0,11,39,0,0,21,67,0,3,0,1,6,NA
"davishe01",2023,62,62,225,27,48,10,0,7,24,3,5,25,69,2,4,0,1,3,NA
"davisjd01",2023,144,144,480,61,119,23,1,18,69,1,0,52,152,0,6,0,6,16,NA
"davisjo05",2023,34,34,90,22,22,4,1,2,10,1,2,7,29,0,2,2,2,1,NA
"dazayo01",2023,24,24,74,8,20,6,0,0,7,1,0,3,13,0,1,1,1,5,NA
"dejonpa01",2023,112,112,372,41,77,13,0,14,38,4,4,21,121,0,5,0,2,10,NA
"delacbr01",2023,153,153,579,60,149,32,0,19,78,4,1,40,142,0,1,0,5,18,NA
"delacel01",2023,98,98,388,67,91,15,7,13,44,35,8,35,144,3,2,1,1,6,NA
"delayja01",2023,70,70,167,20,42,11,1,1,18,0,0,14,44,0,3,2,1,5,NA
"delucjo01",2023,24,24,42,5,11,1,0,2,6,1,0,3,8,0,0,0,0,0,NA
"deverra01",2023,153,153,580,90,157,34,0,33,100,5,1,62,126,10,11,0,3,15,NA
"diazal02",2023,109,109,315,25,72,20,1,4,24,1,0,17,66,2,7,1,4,14,NA
"diazel01",2023,141,141,486,48,130,25,1,14,72,1,0,34,118,0,2,0,4,12,NA
"diazis01",2023,8,8,24,0,1,0,0,0,1,0,0,2,9,0,0,0,0,0,NA
"diazjo03",2023,90,90,272,20,60,9,0,10,27,0,1,17,69,0,3,0,1,10,NA
"diazya01",2023,136,137,525,95,173,35,0,22,78,0,1,65,94,0,8,0,2,16,NA
"diazya02",2023,104,104,355,51,100,22,0,23,60,0,0,11,74,0,5,0,6,12,NA
"dickeco01",2023,50,50,144,12,36,7,1,2,17,0,1,7,28,0,0,0,1,3,NA
"dixonbr01",2023,33,33,79,10,16,4,0,2,9,1,0,1,31,0,4,0,2,1,NA
"dominja01",2023,8,8,31,6,8,1,0,4,7,1,0,2,8,0,0,0,0,1,NA
"donaljo02",2023,51,50,165,18,25,5,0,13,26,0,0,22,50,0,0,0,2,6,NA
"donovbr01",2023,95,95,327,48,93,10,1,11,34,5,1,33,53,2,9,1,1,4,NA
"downsje01",2023,6,6,5,4,2,0,0,0,1,2,0,4,1,0,0,0,0,0,NA
"doylebr02",2023,126,126,399,48,81,16,5,10,48,22,5,22,151,0,4,3,3,9,NA
"doziehu01",2023,29,29,82,8,15,2,1,2,9,2,0,8,29,0,0,0,1,0,NA
"drurybr01",2023,125,125,485,61,127,30,3,26,83,0,2,25,136,0,8,0,5,14,NA
"dubonma01",2023,132,132,467,76,130,26,3,10,46,7,2,19,70,0,3,0,3,10,NA
"duffyma01",2023,79,78,191,17,48,8,0,2,16,1,0,12,39,0,4,0,2,4,NA
"duranez01",2023,122,122,406,55,112,22,2,14,46,8,4,23,120,1,7,1,2,7,NA
"duranja01",2023,102,102,332,46,98,34,2,8,40,24,2,24,90,1,3,0,2,3,NA
"duvalad01",2023,92,92,320,45,79,24,2,21,58,4,0,22,110,1,6,0,5,0,NA
"eatonna01",2023,28,28,53,2,4,0,0,0,1,3,0,2,21,0,1,0,0,0,NA
"edenca01",2023,5,5,6,1,1,0,0,0,0,0,0,0,2,0,0,0,0,0,NA
"edmanto01",2023,137,137,479,69,119,25,4,13,47,27,4,35,84,1,7,3,4,9,NA
"edwarxa01",2023,30,30,78,12,23,3,0,0,3,5,0,3,14,0,1,2,0,1,NA
"ellisdr01",2023,12,12,23,4,5,0,0,2,4,0,1,6,7,0,0,0,0,0,NA
"encarch01",2023,63,63,222,29,60,7,0,13,37,2,0,14,69,0,5,0,0,5,NA
"engelad01",2023,5,5,6,0,0,0,0,0,0,0,1,0,2,0,0,0,0,0,NA
"escobed01",2023,100,99,288,32,65,6,5,6,31,2,1,18,78,0,0,1,2,7,NA
"espinsa01",2023,93,93,230,30,57,14,0,2,25,2,1,18,36,1,3,2,1,5,NA
"estrath01",2023,120,120,495,63,134,26,2,14,49,23,7,22,120,1,11,0,2,10,NA
"faircst01",2023,97,97,219,34,50,16,2,5,28,10,3,25,69,0,6,3,2,2,NA
"farmeky01",2023,120,120,336,49,86,14,2,11,46,2,4,23,86,0,8,0,2,7,NA
"fermifr01",2023,70,70,217,26,61,10,1,9,32,0,0,13,50,0,1,1,3,11,NA
"fermijo01",2023,21,21,51,2,12,1,0,0,4,0,1,6,8,0,2,2,0,1,NA
"fitzgty01",2023,10,10,32,3,7,2,0,2,5,2,0,2,10,0,0,0,0,0,NA
"fletcda02",2023,33,33,89,7,22,1,0,2,12,0,0,7,9,1,0,1,0,2,NA
"fletcdo01",2023,28,28,93,10,28,5,1,2,14,0,2,7,22,1,0,2,0,0,NA
"florewi01",2023,126,126,405,51,115,22,0,23,60,0,0,41,63,1,5,0,3,13,NA
"flories01",2023,19,19,61,5,14,3,1,0,8,3,0,7,20,0,2,0,1,0,NA
"fordmi01",2023,84,83,219,32,50,6,0,16,34,0,0,24,81,0,7,0,1,4,NA
"forteni01",2023,108,108,294,33,60,10,0,6,26,4,2,17,59,0,7,3,2,12,NA
"fraleja01",2023,111,111,336,41,86,18,0,15,65,21,5,37,71,2,6,0,1,5,NA
"francty01",2023,158,158,587,79,147,32,0,12,58,1,0,43,117,0,34,0,1,25,NA
"francwa01",2023,112,112,442,65,124,23,6,17,58,30,10,42,69,3,3,0,4,18,NA
"fraziad01",2023,141,141,412,59,99,21,2,13,60,11,4,32,68,0,4,4,2,4,NA
"frazicl01",2023,33,33,66,10,13,1,1,0,3,4,2,10,23,0,0,0,0,0,NA
"freemfr01",2023,161,161,637,131,211,59,2,29,102,23,1,72,121,12,16,0,5,14,NA
"freemty01",2023,64,64,153,20,37,7,0,4,18,5,0,10,30,0,2,2,1,3,NA
"frelisa01",2023,57,57,191,29,47,9,1,3,24,7,0,28,37,0,1,0,3,2,NA
"friedtj01",2023,138,138,488,73,136,22,8,18,66,27,6,47,90,1,10,8,3,0,NA
"fryda01",2023,58,57,101,12,24,6,0,4,15,2,0,8,30,0,4,0,0,3,NA
"fulmemi01",2023,58,2,1,0,0,0,0,0,0,0,0,0,1,0,0,0,0,0,NA
"gallaca01",2023,56,56,143,6,18,6,0,0,7,0,0,4,46,0,1,0,1,3,NA
"gallojo01",2023,111,111,282,39,50,9,1,21,40,1,1,48,142,1,2,0,0,3,NA
"gamelbe01",2023,6,6,15,2,3,1,0,0,2,0,0,0,2,0,0,0,0,0,NA
"garciad02",2023,148,148,555,108,136,29,0,39,107,9,1,65,175,0,6,0,6,12,NA
"garciav01",2023,37,37,108,8,20,3,1,3,12,2,0,6,39,1,2,0,0,1,NA
"garcijo02",2023,46,46,133,15,29,8,0,2,17,3,2,15,44,0,0,0,1,1,NA
"garcilu04",2023,122,122,447,61,119,18,4,9,50,9,4,27,60,1,0,1,7,10,NA
"garcima01",2023,123,123,464,59,126,20,4,4,50,23,7,38,115,0,2,1,10,9,NA
"garliky01",2023,14,14,28,2,5,1,0,2,4,0,0,2,11,0,0,0,0,0,NA
"garrest01",2023,89,89,234,40,63,17,0,9,40,3,1,26,82,0,3,0,5,6,NA
"garvemi01",2023,87,87,296,45,80,11,0,19,50,0,0,44,82,1,3,0,0,6,NA
"gelofza01",2023,69,69,270,40,72,20,1,14,32,14,2,26,82,1,3,0,1,5,NA
"gimenan01",2023,153,153,557,76,140,27,5,15,62,30,6,32,112,3,20,4,3,10,NA
"goldspa01",2023,154,154,593,89,159,31,0,25,80,11,2,87,161,6,3,0,3,12,NA
"gomesya01",2023,116,116,382,44,102,20,2,10,63,1,0,21,81,1,9,0,7,9,NA
"gonzani01",2023,35,35,115,12,24,8,1,2,13,0,1,6,36,0,4,1,2,0,NA
"gonzaos01",2023,54,54,173,15,37,7,2,2,12,0,0,5,46,0,1,0,1,2,NA
"gonzaro01",2023,44,44,93,11,18,4,2,3,14,7,0,2,36,0,0,1,1,0,NA
"goodmhu01",2023,23,23,70,6,14,4,3,1,17,1,0,5,24,0,0,0,2,2,NA
"gordoni01",2023,34,34,91,13,16,5,1,2,7,0,0,1,11,0,0,1,0,1,NA
"gormano01",2023,119,119,406,59,96,17,0,27,76,7,2,53,148,1,3,0,2,5,NA
"gourryu01",2023,108,108,298,32,73,16,3,4,27,4,0,26,44,3,1,0,4,13,NA
"grandya01",2023,118,118,363,33,85,14,0,8,33,0,0,36,86,1,4,0,2,11,NA
"graytr01",2023,2,2,5,1,2,0,0,1,1,0,0,0,0,0,0,0,0,0,NA
"greenri02",2023,99,99,378,51,109,19,4,11,37,7,0,35,114,0,1,0,2,7,NA
"grichra01",2023,118,118,434,65,116,31,2,16,44,2,2,29,96,2,6,0,2,11,NA
"grishtr01",2023,153,153,469,67,93,31,1,13,50,15,3,75,154,0,5,4,1,7,NA
"grissva01",2023,23,23,75,5,21,3,1,0,9,0,1,2,15,0,2,0,1,2,NA
"grossro01",2023,115,115,353,56,84,23,1,10,49,1,0,57,98,0,2,0,8,8,NA
"guerrvl02",2023,156,156,602,78,159,30,0,26,94,5,3,67,100,5,9,0,4,23,NA
"guilllu01",2023,54,54,107,12,24,6,1,1,9,0,0,10,28,1,0,2,1,4,NA
"gurrilo01",2023,145,145,551,65,144,35,2,24,82,5,0,33,103,1,6,0,2,20,NA
"guthrda01",2023,23,23,24,4,4,1,0,0,0,0,0,3,7,0,1,0,0,0,NA
"haaseer01",2023,89,89,274,22,55,8,1,4,26,4,1,17,81,1,0,1,1,11,NA
"haggesa01",2023,52,52,91,13,23,3,1,1,5,10,1,15,17,0,1,1,0,0,NA
"hallda02",2023,18,18,54,2,9,1,0,1,3,0,0,2,18,0,0,0,0,2,NA
"hamilbi02",2023,3,3,2,2,0,0,0,0,0,2,0,0,1,0,0,0,0,0,NA
"hamilca01",2023,4,4,5,0,0,0,0,0,0,0,0,1,5,0,0,0,0,0,NA
"hamilda03",2023,15,15,33,2,4,2,0,0,0,2,1,6,10,0,0,0,0,1,NA
"hampsga01",2023,98,98,221,30,61,12,1,3,23,5,0,23,67,0,3,3,2,3,NA
"hanigmi01",2023,61,61,211,27,44,13,1,6,28,1,0,15,65,0,2,0,1,7,NA
"happia01",2023,158,158,580,86,144,35,4,21,84,14,3,99,153,2,6,0,6,12,NA
"harpebr03",2023,126,126,457,84,134,29,1,21,72,11,3,80,119,8,5,0,4,10,NA
"harrijo05",2023,41,40,103,8,21,3,0,2,10,0,0,3,20,0,6,0,2,2,NA
"harrimi04",2023,138,138,505,76,148,33,3,18,57,20,4,25,101,1,5,1,3,8,NA
"haselad01",2023,28,28,36,6,8,2,0,0,2,1,0,3,8,0,0,0,0,1,NA
"hayeske01",2023,124,124,494,65,134,31,7,15,61,10,6,28,104,1,0,0,3,11,NA
"haysau01",2023,144,144,520,76,143,36,2,16,67,5,1,38,141,1,3,0,5,11,NA
"hedgeau01",2023,82,81,185,14,34,5,0,1,16,1,0,11,47,0,2,10,3,7,NA
"heimjo01",2023,131,131,457,61,118,28,0,18,95,2,0,40,96,2,1,0,3,10,NA
"heinety01",2023,22,22,38,5,9,1,1,0,3,1,0,8,8,0,1,0,0,0,NA
"hendegu01",2023,150,150,560,100,143,29,9,28,82,10,3,56,159,1,3,0,3,10,NA
"henslda01",2023,30,30,84,12,10,1,0,1,3,1,0,10,35,0,0,0,0,0,NA
"hernaen02",2023,140,140,465,57,110,23,0,11,61,4,1,34,97,1,3,0,6,17,NA
"hernate01",2023,160,160,625,70,161,29,2,26,93,7,2,38,211,2,8,0,7,6,NA
"hernayo02",2023,14,14,22,5,3,1,0,0,4,0,0,2,8,0,1,1,1,0,NA
"herreiv01",2023,13,13,37,6,11,2,0,0,4,0,0,5,11,0,2,0,0,1,NA
"herrejo04",2023,43,41,101,15,21,5,0,0,7,1,0,13,30,0,0,5,1,2,NA
"heywaja01",2023,124,124,334,56,90,23,0,15,40,2,2,34,64,1,3,0,3,7,NA
"hicksaa01",2023,93,93,269,44,68,9,1,8,36,6,0,42,69,1,0,0,1,3,NA
"higasky01",2023,92,92,242,24,57,13,0,10,34,0,0,14,74,0,0,1,3,5,NA
"hillde01",2023,13,13,47,3,8,1,0,0,1,1,0,3,11,0,0,0,0,0,NA
"hillisa01",2023,40,40,72,15,17,5,0,3,6,4,0,6,33,0,0,0,0,1,NA
"hoernni01",2023,150,150,619,98,175,27,4,9,68,43,7,49,83,0,14,1,5,12,NA
"hopkitj01",2023,25,25,41,7,7,0,0,0,1,1,0,2,17,0,1,0,0,1,NA
"horwisp01",2023,15,15,39,5,10,2,0,1,7,0,0,4,12,0,1,0,0,1,NA
"hosmeer01",2023,31,31,94,7,22,3,0,2,14,0,0,6,25,0,0,0,0,5,NA
"huffsa01",2023,21,21,43,5,11,2,0,3,6,0,0,2,17,0,0,0,0,1,NA
"hummeco01",2023,10,10,23,2,2,1,0,0,0,1,0,2,9,0,1,0,0,1,NA
"ibanean01",2023,114,114,356,42,94,23,2,11,41,1,0,24,69,0,1,1,1,7,NA
"indiajo01",2023,119,119,454,78,111,23,0,17,61,14,2,52,109,0,16,0,7,13,NA
"isbelky01",2023,91,91,292,45,70,22,2,5,34,7,1,17,59,0,1,1,2,5,NA
"jankotr01",2023,107,107,247,34,65,12,1,1,30,19,1,35,42,0,2,1,2,6,NA
"janseda01",2023,86,86,268,38,61,15,0,17,53,0,0,23,62,1,10,0,0,3,NA
"jeffery01",2023,96,96,286,46,79,15,2,14,43,3,2,33,93,1,10,4,2,6,NA
"jimenel02",2023,120,120,456,50,124,23,0,18,64,0,0,30,93,2,1,0,2,13,NA
"joeco01",2023,133,133,413,63,102,31,4,11,42,3,5,50,110,0,8,0,1,4,NA
"johnsbr03",2023,30,30,43,7,7,1,0,1,3,3,0,4,15,0,0,0,1,0,NA
"jonesja08",2023,7,7,10,2,2,1,0,0,3,1,0,1,5,0,0,0,0,0,NA
"jonesno01",2023,106,106,367,60,109,22,4,20,62,20,4,53,126,3,3,0,1,1,NA
"judgeaa01",2023,106,106,367,79,98,16,0,37,75,3,1,88,130,9,0,0,3,5,NA
"julieed01",2023,109,109,338,60,89,16,1,16,37,3,0,64,128,0,2,1,3,8,NA
"julksco01",2023,93,93,298,35,73,14,0,6,33,15,3,22,75,0,1,0,2,6,NA
"jungjo01",2023,122,122,478,75,127,25,1,23,70,1,3,30,151,0,5,0,2,7,NA
"kaiseco01",2023,3,3,4,0,0,0,0,0,0,0,0,0,2,0,0,0,0,0,NA
"kelenja01",2023,105,105,372,44,94,25,2,11,49,13,5,41,132,4,1,0,2,6,NA
"kellyca02",2023,52,50,136,13,28,5,0,2,13,1,0,14,40,0,0,0,1,2,NA
"kempto01",2023,124,124,359,42,75,13,3,5,27,15,4,44,40,0,6,7,3,9,NA
"kennebu01",2023,10,10,24,1,4,1,0,0,1,0,0,4,6,0,1,0,0,0,NA
"keplema01",2023,130,130,438,72,114,22,2,24,66,1,1,45,106,0,4,0,4,9,NA
"kessigr01",2023,26,26,40,3,8,2,0,1,1,0,1,5,12,0,0,0,0,0,NA
"kieboca01",2023,27,27,87,12,18,2,0,4,11,0,0,6,27,0,1,0,0,2,NA
"kiermke01",2023,129,129,370,58,98,21,6,8,36,14,1,29,86,0,4,1,4,9,NA
"kimha01",2023,152,152,538,84,140,23,0,17,60,38,9,75,124,1,3,5,5,7,NA
"kineris01",2023,115,113,326,39,79,12,1,6,37,14,5,28,70,0,3,1,3,12,NA
"kirilal01",2023,88,88,281,35,76,14,1,11,41,1,0,28,80,1,7,0,3,2,NA
"kirkal01",2023,123,123,372,34,93,16,0,8,43,0,0,42,45,1,6,0,2,21,NA
"kjershe01",2023,13,13,30,3,7,1,0,2,3,0,0,2,10,0,0,0,0,0,NA
"kniznan01",2023,70,70,224,30,54,11,0,10,31,2,0,12,62,0,3,1,1,8,NA
"kohlwta01",2023,5,5,13,0,2,0,0,0,0,0,0,0,5,0,0,0,0,0,NA
"kreidry01",2023,11,11,18,2,2,0,0,0,0,0,0,0,7,0,0,0,0,0,NA
"kwanst01",2023,158,158,638,93,171,36,7,5,54,21,3,70,75,2,3,1,6,9,NA
"lambja01",2023,19,18,51,7,11,1,0,2,5,0,0,3,15,0,0,0,0,1,NA
"langesh01",2023,135,135,448,52,92,19,4,22,63,3,2,34,143,2,5,1,2,10,NA
"larnatr01",2023,58,58,183,26,39,7,3,8,40,1,1,27,72,1,0,0,2,2,NA
"lasteto01",2023,12,12,21,2,4,1,0,0,2,0,0,3,5,0,0,0,0,0,NA
"laurera01",2023,105,105,361,46,81,18,4,9,35,12,1,33,114,0,9,0,1,9,NA
"lawlajo01",2023,14,14,31,2,4,0,0,0,0,1,1,2,11,0,1,0,0,0,NA
"leeko01",2023,24,24,65,4,5,1,0,1,3,0,0,5,20,0,0,0,0,0,NA
"lemahdj01",2023,136,136,497,55,121,22,3,15,44,2,2,60,125,2,3,0,2,14,NA
"leonsa01",2023,22,21,41,4,6,2,0,0,4,0,0,1,20,0,1,1,0,2,NA
"lestejo02",2023,11,11,22,0,4,0,0,0,4,0,0,1,7,0,0,0,0,1,NA
"lewisky01",2023,16,16,51,2,8,2,0,1,2,0,0,3,21,0,0,0,0,0,NA
"lewisro02",2023,58,58,217,36,67,7,0,15,52,6,1,20,55,0,2,0,0,5,NA
"lindofr01",2023,160,160,602,108,153,33,2,31,98,31,4,66,137,1,12,0,7,8,NA
"lipcian01",2023,13,13,35,3,10,1,0,1,4,0,0,3,8,0,0,0,0,1,NA
"locasti01",2023,43,43,56,13,13,3,0,2,3,6,0,3,22,0,6,2,0,0,NA
"loftini01",2023,19,19,62,10,20,5,1,0,10,2,0,4,12,0,1,0,1,0,NA
"longoev01",2023,74,74,211,25,47,9,0,11,28,0,0,23,73,0,0,0,3,8,NA
"lopezal03",2023,1,1,2,1,1,1,0,0,1,0,0,0,1,0,0,0,0,0,NA
"lopezir01",2023,5,5,11,0,0,0,0,0,1,0,0,0,5,0,0,0,1,0,NA
"lopezni01",2023,94,93,225,32,52,8,3,1,25,6,2,26,40,0,6,4,1,3,NA
"lowebr01",2023,109,109,377,58,87,15,1,21,68,7,0,50,119,0,6,0,3,8,NA
"lowejo01",2023,135,135,466,71,136,33,2,20,83,32,3,31,124,2,1,0,3,6,NA
"lowena01",2023,161,161,623,89,163,38,3,17,82,1,0,93,165,2,5,0,3,22,NA
"luciama01",2023,14,14,39,4,9,3,0,0,0,1,0,6,17,0,0,0,0,0,NA
"lukesna01",2023,29,29,26,4,5,1,1,0,2,0,0,4,9,0,0,0,1,1,NA
"luplojo01",2023,39,39,77,11,16,3,0,2,5,2,0,12,27,1,1,0,0,1,NA
"machama01",2023,138,138,543,75,140,21,0,30,91,3,2,50,109,1,2,0,6,20,NA
"madribl01",2023,12,12,26,4,4,1,0,0,0,0,0,4,7,0,0,0,0,0,NA
"madrini01",2023,92,92,270,34,71,16,1,2,28,10,2,10,24,0,9,5,0,3,NA
"maggidr01",2023,3,3,6,1,2,1,0,0,1,0,0,0,1,0,0,0,0,0,NA
"mailelu01",2023,78,74,179,17,42,10,0,6,25,2,1,14,49,0,5,1,0,8,NA
"maldoma01",2023,117,116,362,33,69,12,0,15,36,0,0,30,139,0,3,12,0,10,NA
"mancitr01",2023,79,79,235,31,55,12,0,4,28,0,0,21,78,1,2,0,3,5,NA
"marcatu01",2023,75,75,202,16,47,12,2,3,18,5,2,10,35,0,3,3,2,2,NA
"margoma01",2023,99,99,311,39,82,21,1,4,38,9,3,18,55,0,4,0,3,6,NA
"marisja01",2023,46,46,76,10,18,3,2,2,10,2,3,3,21,0,2,1,1,4,NA
"marloca01",2023,34,34,88,14,21,3,2,3,11,4,2,12,33,0,0,0,0,1,NA
"marshbr02",2023,133,133,404,58,112,25,6,12,60,10,2,59,144,2,4,1,4,4,NA
"marteke01",2023,150,150,569,94,157,26,9,25,82,8,2,71,109,2,5,0,5,16,NA
"marteno01",2023,34,35,114,15,36,7,0,3,15,6,2,8,25,0,1,0,0,1,NA
"martest01",2023,86,86,315,38,78,7,1,5,28,24,4,16,69,1,8,2,0,8,NA
"martijd02",2023,113,113,432,61,117,27,2,33,103,1,0,34,149,1,2,0,9,11,NA
"martijp01",2023,17,17,40,7,9,1,0,1,4,0,0,2,16,0,0,0,2,0,NA
"martini02",2023,29,29,72,10,19,3,1,6,16,0,0,5,15,0,2,0,0,1,NA
"massemi02",2023,129,129,428,42,98,18,1,15,55,6,2,24,99,0,4,1,4,3,NA
"mastrmi01",2023,61,60,133,24,32,5,0,1,5,13,1,13,32,0,0,3,0,1,NA
"mateojo01",2023,116,116,318,58,69,14,2,7,34,32,5,22,82,0,1,5,3,8,NA
"mathima01",2023,27,27,62,6,14,2,0,0,6,3,0,10,15,0,0,0,0,4,NA
"matonni01",2023,93,93,249,29,43,9,0,8,32,1,2,38,73,1,3,1,2,4,NA
"matoslu02",2023,76,76,228,24,57,13,1,2,14,3,0,20,33,0,3,2,0,3,NA
"mauriro01",2023,26,26,101,11,25,4,0,2,9,7,0,7,31,0,0,0,0,2,NA
"mccanja02",2023,70,69,207,25,46,14,0,6,26,3,1,9,57,0,5,3,2,5,NA
"mccarja02",2023,99,99,276,37,67,7,5,2,16,26,4,26,62,0,5,4,1,4,NA
"mccorch01",2023,115,115,403,59,110,17,2,22,70,19,6,40,117,0,11,1,2,3,NA
"mccoyma01",2023,6,6,1,2,0,0,0,0,0,0,0,0,1,0,0,0,0,0,NA
"mccutan01",2023,112,112,390,55,100,19,0,12,43,11,3,75,100,1,4,0,4,8,NA
"mcguire01",2023,72,72,187,15,50,12,1,1,16,2,1,11,53,0,1,2,1,2,NA
"mckenry01",2023,89,88,122,23,31,7,0,2,18,5,0,9,40,0,3,3,2,4,NA
"mckinbi01",2023,48,48,128,19,29,3,1,6,14,1,0,17,39,1,1,0,1,1,NA
"mckinza01",2023,148,148,464,60,107,21,4,9,35,16,6,44,113,0,5,2,3,3,NA
"mclaima01",2023,89,89,365,65,106,23,4,16,50,14,5,31,115,0,7,0,0,5,NA
"mcmahry01",2023,152,152,555,80,133,31,3,23,70,5,5,68,198,2,1,0,3,19,NA
"mcneije01",2023,156,156,585,75,158,25,4,10,55,10,0,39,65,0,18,3,3,5,NA
"meadcu01",2023,24,24,83,12,21,3,1,1,5,0,0,7,21,0,2,0,0,3,NA
"meadoau01",2023,6,6,21,0,5,1,0,0,2,0,0,0,3,0,0,0,0,0,NA
"meadopa01",2023,37,37,125,19,29,4,2,3,13,8,1,17,37,1,2,0,1,0,NA
"mecklwa01",2023,20,20,56,6,13,1,0,0,4,0,0,6,25,0,2,0,0,0,NA
"mejiafr01",2023,50,50,150,22,34,11,0,5,19,0,1,6,38,0,1,1,2,2,NA
"melenmj01",2023,148,148,533,65,125,29,5,16,56,6,4,62,170,2,3,0,4,4,NA
"mendida01",2023,35,33,65,4,12,3,0,1,4,1,0,4,15,0,0,0,0,1,NA
"menesjo01",2023,154,154,611,71,168,36,1,13,89,0,0,38,130,0,5,0,3,15,NA
"mercaos01",2023,20,20,31,3,9,3,0,0,5,2,1,1,4,0,0,0,0,0,NA
"merriwh01",2023,145,145,547,66,149,27,0,11,67,26,10,36,101,2,3,0,6,15,NA
"mervima01",2023,27,27,90,8,15,2,0,3,11,0,0,8,32,0,1,0,0,1,NA
"meyerja02",2023,112,112,309,42,70,16,1,10,33,5,2,26,88,0,5,0,1,2,NA
"milladr01",2023,11,11,28,1,8,2,0,1,6,0,0,4,5,0,0,1,0,2,NA
"millebr02",2023,27,27,56,8,12,4,0,1,6,0,0,10,11,0,0,0,1,1,NA
"milleow01",2023,90,90,291,29,76,17,0,5,27,13,2,17,61,1,2,0,4,6,NA
"millesh01",2023,36,1,1,0,0,0,0,0,0,0,0,0,0,0,0,0,0,0,NA
"miranjo01",2023,40,40,142,12,30,4,0,3,13,0,0,9,24,0,1,0,0,8,NA
"mitchca01",2023,2,2,4,0,0,0,0,0,0,0,0,1,1,0,0,0,0,0,NA
"mitchga01",2023,19,19,65,10,16,2,1,3,7,1,1,7,26,0,0,0,1,0,NA
"monasan01",2023,92,92,282,38,73,14,1,3,27,7,2,28,66,0,3,0,2,9,NA
"moncayo01",2023,92,92,334,39,87,20,1,11,40,1,0,20,107,0,2,0,1,6,NA
"moniami01",2023,85,85,311,35,87,21,2,14,45,6,3,9,113,1,3,0,0,4,NA
"monteco01",2023,18,18,38,3,7,2,0,1,3,0,0,2,12,0,1,0,0,0,NA
"monteel01",2023,85,85,284,40,69,15,2,11,39,0,0,15,111,0,5,0,3,5,NA
"mooredy01",2023,67,67,145,18,30,9,1,7,19,7,3,16,56,0,4,0,0,1,NA
"morelch01",2023,107,107,388,62,96,17,3,26,70,6,2,36,133,0,2,1,2,7,NA
"morenga01",2023,111,111,341,33,97,19,1,7,50,6,2,29,75,0,3,0,7,17,NA
"motteta01",2023,29,29,76,3,13,3,0,0,2,0,0,5,31,0,1,0,0,0,NA
"mountry01",2023,115,115,423,64,114,21,1,18,68,3,1,37,107,1,3,0,7,13,NA
"moustmi01",2023,112,112,352,43,87,15,0,12,48,0,0,23,95,1,3,0,8,7,NA
"mullice01",2023,116,116,404,51,94,23,3,15,74,19,3,43,101,1,1,3,4,6,NA
"muncyma01",2023,135,135,482,95,102,17,1,36,105,1,2,85,153,4,6,0,6,8,NA
"murphse01",2023,108,108,370,65,93,21,0,21,68,0,0,49,98,0,18,0,1,18,NA
"murphto04",2023,47,47,145,19,42,12,0,8,17,0,0,10,44,0,1,0,2,4,NA
"myersda01",2023,22,22,67,9,18,3,0,1,9,1,1,2,19,0,0,0,1,1,NA
"myerswi01",2023,37,37,127,11,24,3,0,3,12,2,1,12,48,0,0,1,1,3,NA
"naquity01",2023,5,5,8,0,0,0,0,0,0,0,0,0,7,0,0,0,0,0,NA
"narvaom01",2023,49,49,128,12,27,5,0,2,7,0,0,14,27,0,0,1,3,1,NA
"naylobo01",2023,67,67,198,33,47,13,0,11,32,5,0,30,53,1,1,0,1,2,NA
"naylojo01",2023,121,121,452,52,139,31,0,17,97,10,3,33,68,9,3,0,7,11,NA
"netoza01",2023,84,84,289,38,65,17,0,9,34,5,1,20,77,0,16,1,3,5,NA
"nevinty01",2023,41,41,95,11,19,3,1,2,10,0,1,12,25,0,3,0,1,1,NA
"newmake01",2023,74,74,225,28,57,16,0,3,28,8,1,17,34,0,4,2,5,7,NA
"nidoto01",2023,22,22,56,5,7,0,0,0,1,0,0,2,18,0,0,2,1,2,NA
"nimmobr01",2023,152,152,592,89,162,30,6,24,68,3,3,74,146,0,11,1,4,6,NA
"nodary01",2023,128,128,406,63,93,22,1,16,54,3,1,77,170,1,10,0,2,4,NA
"nolaau01",2023,52,52,130,9,19,3,0,1,8,0,0,18,31,0,2,4,0,5,NA
"nootbla01",2023,117,117,426,74,111,23,1,14,46,11,1,72,99,2,1,1,3,7,NA
"odorro01",2023,59,59,138,21,28,9,0,4,18,2,1,17,37,0,2,0,0,2,NA
"ohearry01",2023,112,112,346,48,100,22,1,14,60,5,1,15,82,2,3,1,3,2,NA
"ohopplo01",2023,51,51,182,23,43,6,0,14,29,0,1,14,48,0,2,0,1,4,NA
"ohtansh01",2023,135,135,497,102,151,26,8,44,95,20,6,91,143,21,3,0,3,9,NA
"okeefbr01",2023,8,8,19,0,2,2,0,0,2,0,0,2,7,0,0,0,0,2,NA
"okeych01",2023,2,2,2,0,0,0,0,0,0,0,0,0,2,0,0,0,0,0,NA
"olivaed02",2023,107,107,354,47,93,23,4,12,36,11,5,22,64,1,7,0,2,7,NA
"olsonma02",2023,162,162,608,127,172,27,3,54,139,1,0,104,167,8,4,0,4,13,NA
"oneilty01",2023,72,72,238,27,55,14,0,9,21,5,0,28,67,0,0,0,0,5,NA
"orneljo01",2023,8,8,7,2,1,0,0,0,0,0,0,0,4,0,1,0,0,0,NA
"ortegra01",2023,47,47,114,16,25,3,0,1,8,6,1,20,33,0,1,1,0,0,NA
"ortizjo06",2023,15,15,33,4,7,1,0,0,4,0,0,0,9,0,0,0,1,2,NA
"outmaja01",2023,151,151,483,86,120,16,3,23,70,16,3,68,181,1,12,0,4,4,NA
"owingch01",2023,11,10,25,0,4,0,0,0,0,0,0,0,12,0,0,0,0,1,NA
"ozunama01",2023,144,144,530,84,145,29,1,40,100,0,0,57,134,1,3,0,2,9,NA
"pachecr01",2023,48,48,84,12,20,7,1,2,11,2,3,10,27,0,0,1,0,1,NA
"padloke01",2023,3,3,8,1,1,1,0,0,0,0,0,0,0,0,0,0,0,1,NA
"palacjo01",2023,91,91,247,26,59,9,2,10,40,5,0,12,56,0,2,2,1,7,NA
"palacri01",2023,32,32,93,9,24,6,0,6,16,2,0,6,11,0,1,1,1,1,NA
"paredis01",2023,143,143,492,71,123,24,0,31,98,1,0,58,104,0,20,0,1,11,NA
"parisky01",2023,15,15,40,4,4,0,0,0,1,3,0,4,17,0,1,1,0,0,NA
"pasquvi01",2023,61,61,231,24,57,17,0,9,26,0,0,25,31,2,2,0,1,7,NA
"pederjo01",2023,121,121,358,59,84,14,3,15,51,0,0,57,89,6,7,0,3,12,NA
"pegueli01",2023,59,59,198,21,47,4,1,7,26,6,2,11,67,0,1,2,1,6,NA
"penaje02",2023,150,150,577,81,152,32,3,10,52,13,9,43,129,1,9,1,1,11,NA
"peralda01",2023,133,133,394,47,102,25,1,7,55,4,1,20,72,1,2,0,6,8,NA
"perazos02",2023,52,52,173,15,33,8,0,2,14,4,3,13,50,0,5,0,0,1,NA
"perdoge01",2023,144,144,407,71,100,20,4,6,47,16,4,64,86,1,6,14,4,2,NA
"pereiev01",2023,27,27,93,6,14,4,0,0,10,4,0,8,40,0,2,0,0,1,NA
"perezca02",2023,68,66,168,17,38,4,0,6,20,0,0,13,40,0,4,1,3,4,NA
"perezca03",2023,27,27,49,5,10,4,0,1,3,0,0,4,11,0,0,0,0,2,NA
"perezmi03",2023,3,3,8,1,4,1,0,0,0,0,0,0,1,0,0,0,0,0,NA
"perezro02",2023,5,5,15,0,2,0,0,0,1,0,0,2,6,0,0,0,0,0,NA
"perezsa02",2023,140,140,538,59,137,21,0,23,80,0,0,19,135,6,13,0,8,11,NA
"perkibl01",2023,67,67,143,28,31,7,0,4,20,5,2,23,46,0,0,2,0,3,NA
"peterja01",2023,134,133,374,35,79,10,4,6,37,15,2,47,101,2,4,2,3,7,NA
"phamth01",2023,128,129,426,55,109,27,3,16,68,22,3,47,106,1,2,0,6,11,NA
"phillbr02",2023,40,39,63,9,11,1,0,3,6,3,1,8,36,0,0,0,0,0,NA
"pillake01",2023,81,81,197,29,45,10,0,9,32,4,1,6,50,0,0,0,3,2,NA
"pinama01",2023,4,4,12,1,3,0,0,1,1,0,0,0,3,0,0,0,0,1,NA
"pintore02",2023,39,38,103,10,26,3,0,6,16,0,0,2,34,0,0,0,0,2,NA
"polanjo01",2023,79,80,302,38,77,18,0,14,48,4,0,36,88,0,2,0,3,2,NA
"polloaj01",2023,54,54,133,15,22,4,0,5,15,0,1,9,32,0,0,0,2,1,NA
"portelo01",2023,11,11,31,4,6,1,0,1,3,0,0,5,11,0,1,1,0,2,NA
"prattni01",2023,95,95,306,33,71,16,0,7,35,1,1,29,138,0,6,0,4,3,NA
"profaju01",2023,125,125,459,55,111,27,2,9,46,1,0,50,90,0,6,0,5,11,NA
"quereju01",2023,9,9,20,2,2,1,0,0,0,0,0,1,6,0,0,0,0,0,NA
"rafaece01",2023,28,28,83,11,20,6,0,2,5,3,1,4,28,0,1,0,1,2,NA
"raleica01",2023,145,145,513,78,119,23,1,30,75,0,0,54,158,1,1,0,1,6,NA
"raleylu01",2023,118,118,357,56,89,23,3,19,49,14,3,28,128,0,18,1,2,2,NA
"ramirha02",2023,122,122,400,58,125,19,2,12,68,5,3,22,79,0,6,0,6,7,NA
"ramirjo01",2023,156,156,611,87,172,36,5,24,80,28,6,73,73,22,1,0,6,8,NA
"ramoshe01",2023,23,23,74,9,18,3,1,0,5,2,1,11,21,0,1,0,0,2,NA
"ramoshe02",2023,25,25,56,5,10,4,0,1,2,0,0,4,20,0,0,0,0,1,NA
"realmjt01",2023,135,135,489,70,123,28,5,20,63,16,5,35,138,3,9,0,5,10,NA
"refsnro01",2023,89,89,202,31,50,9,1,1,28,7,2,33,47,0,5,1,1,8,NA
"remilza01",2023,54,54,147,16,37,7,0,1,18,4,3,8,48,1,1,4,0,3,NA
"rendoan01",2023,43,43,148,23,35,6,0,2,22,2,0,25,27,0,6,0,4,6,NA
"renfrhu01",2023,140,140,498,60,116,31,0,20,60,0,0,44,125,0,3,0,3,15,NA
"rengilu01",2023,126,126,394,55,104,15,4,16,51,6,4,41,82,0,6,0,4,3,NA
"reyesfr01",2023,19,19,59,5,11,0,0,2,7,0,0,4,24,0,0,0,2,3,NA
"reyespa01",2023,64,64,167,27,48,9,0,2,20,7,2,14,21,0,0,2,2,3,NA
"reynobr01",2023,145,145,574,85,151,31,5,24,84,12,1,53,138,2,7,0,6,13,NA
"reynoma03",2023,2,2,5,1,1,0,0,0,0,0,0,0,3,0,0,0,0,0,NA
"rileyau01",2023,159,159,636,117,179,32,3,37,97,3,1,59,172,4,9,0,11,18,NA
"riosed01",2023,18,18,28,3,2,1,0,1,2,0,0,5,16,0,1,0,0,0,NA
"rivasal01",2023,48,48,109,8,25,10,1,3,15,1,0,9,36,0,3,1,1,1,NA
"riverem01",2023,86,86,257,32,67,13,0,4,29,1,0,22,56,0,0,0,4,9,NA
"rizzoan01",2023,99,99,373,45,91,14,0,12,41,0,3,35,97,1,12,0,1,10,NA
"roberlu01",2023,145,145,546,90,144,36,1,38,80,20,4,30,172,5,12,0,2,10,NA
"roblevi01",2023,36,36,107,15,32,5,1,0,8,8,1,11,18,0,4,4,0,3,NA
"rocchbr01",2023,23,23,81,9,20,6,0,0,8,0,0,4,27,0,0,0,1,4,NA
"rodgebr02",2023,46,46,178,21,46,9,1,4,20,0,0,11,41,0,3,0,0,6,NA
"rodrien01",2023,57,57,186,27,41,7,2,3,13,0,0,17,49,0,0,0,1,3,NA
"rodriju01",2023,155,155,654,102,180,37,2,32,103,37,10,47,175,6,11,0,2,14,NA
"rogerja03",2023,107,107,331,47,73,11,0,21,49,1,1,28,118,0,3,1,2,6,NA
"rojasjo01",2023,105,105,314,47,77,17,0,4,40,12,0,27,81,0,1,2,4,3,NA
"rojasjo03",2023,59,59,149,24,45,9,2,2,23,14,1,5,42,0,4,6,0,1,NA
"rojasmi02",2023,125,124,385,49,91,16,1,5,31,8,3,26,48,0,5,2,5,12,NA
"rookebr01",2023,137,137,463,61,114,20,1,30,69,4,0,49,172,1,10,0,4,11,NA
"rortvbe01",2023,32,32,68,6,8,1,0,2,4,0,0,11,19,0,0,0,0,1,NA
"rosaram01",2023,142,142,510,70,134,25,8,6,58,15,2,29,99,0,3,0,3,15,NA
"rosared01",2023,142,142,478,64,122,24,3,21,74,3,4,34,122,1,1,1,2,13,NA
"rosareg01",2023,11,11,36,6,9,1,1,2,6,0,0,1,12,0,0,0,0,1,NA
"rufda01",2023,20,20,49,3,11,3,0,0,3,0,0,8,16,0,0,0,0,0,NA
"ruizes01",2023,132,132,449,47,114,24,1,5,47,67,13,20,99,1,16,4,1,7,NA
"ruizke01",2023,136,136,523,55,136,24,0,18,67,1,1,31,58,1,6,0,2,13,NA
"ruthebl01",2023,16,16,35,4,6,0,0,0,2,0,0,1,10,0,0,0,0,1,NA
"rutscad01",2023,154,154,588,84,163,31,1,20,80,1,2,92,101,6,2,0,5,14,NA
"sabolbl01",2023,110,110,310,36,73,10,0,13,44,4,2,24,117,0,6,2,2,4,NA
"salazce01",2023,13,13,18,1,2,0,0,0,0,0,0,1,6,0,0,0,0,1,NA
"sanchga02",2023,75,75,240,33,52,9,0,19,47,0,0,21,67,0,4,0,2,3,NA
"sanchje02",2023,125,125,360,43,91,23,3,14,52,3,1,38,107,1,2,1,1,12,NA
"santaan02",2023,153,153,591,81,152,41,1,28,95,5,1,55,152,1,6,0,4,11,NA
"santaca01",2023,146,146,550,78,132,33,1,23,86,6,0,65,104,0,0,0,4,11,NA
"sborzjo01",2023,44,1,1,0,0,0,0,0,0,0,0,0,1,0,0,0,0,0,NA
"schanno01",2023,29,29,109,19,30,3,0,1,6,0,0,20,19,1,3,0,0,1,NA
"schmica01",2023,90,90,253,28,52,15,0,5,30,2,1,13,65,0,5,3,3,7,NA
"schneda03",2023,35,35,116,23,32,12,1,8,20,1,0,21,43,0,4,0,0,2,NA
"schoojo01",2023,55,55,136,15,29,8,0,0,7,0,0,13,37,0,0,0,2,6,NA
"schwaky01",2023,160,160,585,108,115,19,1,47,104,0,2,126,215,5,6,0,3,4,NA
"seageco01",2023,119,119,477,88,156,42,0,33,96,2,1,49,88,9,4,0,6,9,NA
"seaglch01",2023,1,1,1,0,0,0,0,0,0,0,0,0,0,0,0,0,0,0,NA
"segurje01",2023,85,85,301,25,66,5,2,3,21,6,2,22,47,1,2,1,0,12,NA
"semiema01",2023,162,162,670,122,185,40,4,29,100,14,3,72,110,1,5,0,5,5,NA
"senzeni01",2023,104,104,301,49,71,10,0,13,42,6,2,26,74,0,1,0,2,9,NA
"servebr01",2023,11,11,23,0,3,1,0,0,1,0,0,0,10,0,0,0,0,0,NA
"sheetga01",2023,118,118,311,24,63,10,0,10,43,1,0,28,66,2,1,0,4,6,NA
"shewmbr01",2023,2,2,4,0,0,0,0,0,0,0,0,0,1,0,0,0,0,0,NA
"shortza01",2023,112,110,221,17,45,9,0,7,33,5,0,28,66,0,0,3,1,3,NA
"sianimi01",2023,8,8,5,1,0,0,0,0,0,1,1,1,1,0,0,0,0,0,NA
"singljo02",2023,36,36,91,11,15,3,0,2,12,0,0,13,23,0,0,0,1,2,NA
"sirijo01",2023,101,101,338,58,75,13,2,25,56,12,3,20,130,0,2,1,3,5,NA
"slateau01",2023,89,89,185,24,50,9,0,5,20,2,2,20,58,0,2,0,0,2,NA
"smithca04",2023,15,15,32,3,4,1,1,0,5,1,0,4,16,0,0,0,1,1,NA
"smithdo02",2023,153,153,527,57,134,21,1,12,46,1,1,47,91,1,10,0,2,12,NA
"smithjo09",2023,90,90,195,29,36,8,1,6,15,1,0,25,55,0,9,2,1,3,NA
"smithke05",2023,49,49,135,15,25,4,0,5,11,1,0,5,51,0,1,5,0,3,NA
"smithpa04",2023,69,69,191,26,36,5,0,7,30,1,1,35,45,0,1,0,0,3,NA
"smithwi05",2023,126,126,464,80,121,21,2,19,76,3,0,63,89,2,15,0,12,8,NA
"soderty01",2023,45,45,125,9,20,1,0,3,7,0,0,11,43,0,1,0,1,6,NA
"solando01",2023,134,134,394,43,111,26,1,5,38,0,0,40,100,1,15,0,1,8,NA
"solerjo01",2023,137,137,504,77,126,24,0,36,75,1,0,66,141,4,6,0,4,20,NA
"sosaed01",2023,104,104,279,34,70,15,2,10,30,4,2,8,74,0,9,2,1,10,NA
"sosale01",2023,52,52,164,12,33,6,0,6,14,0,1,5,40,1,0,3,1,3,NA
"sotoju01",2023,162,162,568,97,156,32,1,35,109,12,5,132,129,11,2,1,5,18,NA
"sotoli01",2023,4,4,9,2,2,0,0,0,0,0,0,3,2,0,0,0,0,0,NA
"springe01",2023,154,154,613,87,158,25,1,21,72,20,5,60,125,1,5,0,3,20,NA
"stallja01",2023,89,88,241,22,46,14,0,3,20,0,0,27,67,0,3,3,2,9,NA
"stantmi03",2023,101,101,371,43,71,13,0,24,60,0,0,41,124,3,2,0,1,11,NA
"steersp01",2023,156,156,582,74,158,37,3,23,86,15,3,68,139,0,11,0,4,9,NA
"stefami01",2023,25,25,62,5,18,2,1,0,6,0,1,8,8,0,1,0,0,0,NA
"stephty01",2023,142,142,465,59,113,20,2,13,56,0,1,47,135,2,4,0,1,16,NA
"stevean01",2023,25,25,37,4,7,1,0,0,1,4,1,2,8,0,1,0,0,0,NA
"steveca01",2023,6,6,9,1,0,0,0,0,0,0,0,3,2,0,0,0,0,0,NA
"stewadj01",2023,58,58,160,21,39,9,0,11,26,1,1,15,56,0,7,1,1,3,NA
"storytr01",2023,43,43,158,12,32,9,0,3,14,10,3,9,55,0,1,0,0,2,NA
"stottbr01",2023,151,151,585,78,164,32,2,15,62,31,3,39,100,1,7,1,8,10,NA
"stoweky01",2023,14,14,30,1,2,0,0,0,0,0,0,3,12,0,0,0,0,1,NA
"strawmy01",2023,147,147,462,52,110,18,3,1,29,20,6,42,97,0,2,6,6,10,NA
"stubbga01",2023,41,41,113,15,23,4,1,1,12,2,0,9,29,0,2,1,0,0,NA
"suareeu01",2023,162,162,598,68,139,29,0,22,96,2,1,70,214,0,15,0,11,10,NA
"sullibr01",2023,33,33,81,7,17,3,0,1,6,0,0,4,19,0,0,0,1,1,NA
"suwinja01",2023,144,144,447,63,100,21,2,26,74,13,2,75,172,2,6,0,6,2,NA
"suzukse01",2023,138,138,515,75,147,31,6,20,74,6,7,59,130,3,2,0,7,8,NA
"swansda01",2023,147,147,565,81,138,25,3,22,80,9,1,66,154,0,5,0,2,9,NA
"tapiara01",2023,64,64,148,28,35,4,1,3,13,10,2,17,40,0,1,1,1,2,NA
"tatisfe02",2023,141,141,575,91,148,33,1,25,78,29,4,53,141,0,3,1,3,17,NA
"tauchmi01",2023,108,108,337,64,85,18,0,8,48,7,1,56,86,1,4,1,3,3,NA
"taverle01",2023,143,143,511,67,136,31,3,14,67,14,4,35,117,0,1,3,4,3,NA
"tayloch03",2023,117,117,338,51,80,15,1,15,56,16,3,41,125,2,4,0,1,2,NA
"taylomi02",2023,129,129,355,48,78,14,1,21,51,13,1,26,130,0,3,3,1,7,NA
"taylosa03",2023,31,31,60,11,12,2,1,0,4,8,0,7,22,0,0,1,1,1,NA
"tayloty01",2023,81,81,231,36,54,17,1,10,35,9,0,8,55,0,3,0,1,10,NA
"tellero01",2023,106,105,311,26,67,9,1,13,47,0,0,35,86,2,0,0,5,11,NA
"tenajo01",2023,18,18,31,2,7,2,0,0,3,0,0,3,13,0,0,0,0,0,NA
"thaisma01",2023,95,95,262,32,56,6,0,9,31,2,0,36,83,1,6,0,3,4,NA
"thomaal01",2023,125,125,374,51,86,17,5,9,39,9,1,19,86,1,4,2,3,5,NA
"thomaco01",2023,19,19,42,1,10,3,0,1,2,0,0,4,17,0,0,0,0,1,NA
"thomala02",2023,157,156,628,101,168,36,3,28,86,20,5,36,176,0,11,0,7,5,NA
"thompbu01",2023,37,37,53,10,9,4,1,0,4,4,2,4,16,0,1,1,1,0,NA
"thomptr01",2023,72,72,153,17,25,2,0,6,17,2,0,24,77,0,2,0,0,1,NA
"toglimi01",2023,45,45,141,18,23,5,0,4,9,1,1,10,50,0,1,0,0,3,NA
"torkesp01",2023,159,159,606,88,141,34,1,31,94,3,0,67,171,1,6,0,5,15,NA
"toroab01",2023,9,9,18,4,8,0,0,2,9,0,0,2,5,0,1,0,0,0,NA
"torregl01",2023,158,158,596,90,163,28,2,25,68,13,6,67,98,0,3,0,6,19,NA
"torrelu01",2023,18,18,28,1,7,3,0,0,4,0,0,1,9,0,1,0,0,0,NA
"tovarez01",2023,153,153,581,79,147,37,4,15,73,11,5,25,166,0,4,2,3,10,NA
"trammta01",2023,22,22,46,7,6,0,0,3,11,0,1,9,22,0,1,0,0,2,NA
"trejoal01",2023,83,82,207,24,48,11,0,4,26,5,1,16,51,0,1,1,2,3,NA
"trevijo01",2023,55,55,157,15,33,4,0,4,15,0,0,8,22,0,2,1,0,6,NA
"triolja01",2023,54,54,181,30,54,9,0,3,21,6,1,24,63,0,3,0,1,0,NA
"trompch01",2023,6,6,16,1,2,1,0,0,1,0,0,0,7,0,0,0,0,0,NA
"troutmi01",2023,82,82,308,54,81,14,1,18,44,2,0,45,104,2,7,0,2,4,NA
"tuckeco01",2023,5,5,8,2,4,0,0,0,2,0,0,1,2,0,1,0,0,0,NA
"tuckeky01",2023,157,157,574,97,163,37,5,29,112,30,5,80,92,9,3,0,10,11,NA
"turanbr02",2023,137,137,404,46,88,9,3,6,34,26,4,38,94,1,1,3,2,9,NA
"turneju01",2023,146,146,558,86,154,31,0,23,96,4,1,51,110,0,11,0,6,10,NA
"turnetr01",2023,155,155,639,102,170,35,5,26,76,30,0,45,150,2,6,0,1,12,NA
"uriaslu01",2023,52,52,144,18,28,6,0,3,18,0,0,21,41,0,10,0,0,4,NA
"uriasra01",2023,116,116,360,45,95,22,3,4,42,3,1,27,101,0,8,0,1,10,NA
"urshegi01",2023,62,62,214,22,64,8,1,2,24,3,2,10,36,0,1,0,3,9,NA
"valdeen01",2023,49,49,139,17,37,8,0,6,19,5,1,8,37,0,1,0,0,4,NA
"vargail01",2023,86,86,262,32,66,13,2,4,31,1,1,19,20,0,1,3,1,10,NA
"vargami01",2023,81,81,256,36,50,15,4,7,32,3,2,38,61,1,4,1,4,1,NA
"varshda01",2023,158,158,527,65,116,23,3,20,61,16,7,45,135,0,4,1,3,5,NA
"vaughan01",2023,152,152,566,67,146,30,2,21,80,0,0,36,129,0,11,0,2,15,NA
"vavrate01",2023,27,27,49,9,12,0,0,0,5,1,0,5,12,0,0,2,0,5,NA
"vazquch01",2023,102,102,327,34,73,13,0,6,32,1,0,25,82,1,1,1,1,11,NA
"velazan01",2023,54,54,81,12,14,3,0,2,3,13,3,10,30,0,0,3,0,1,NA
"velazne01",2023,53,53,162,35,38,6,0,17,34,0,0,14,51,0,2,0,1,3,NA
"verdual01",2023,142,142,546,81,144,37,5,13,54,5,3,45,93,1,6,0,5,11,NA
"vientma01",2023,65,65,218,19,46,5,1,9,22,1,0,10,71,0,3,0,2,5,NA
"vierlma01",2023,134,134,479,63,125,21,5,10,44,6,6,44,112,1,5,1,1,8,NA
"villada01",2023,46,46,124,15,18,6,0,5,12,1,1,11,45,0,4,0,1,1,NA
"vilorme01",2023,10,10,3,0,0,0,0,0,0,0,0,1,0,0,0,0,0,1,NA
"vogelda01",2023,104,104,275,33,64,8,0,13,48,0,0,42,81,1,2,0,0,6,NA
"voitlu01",2023,22,22,68,5,15,3,0,0,4,2,0,4,27,0,2,0,0,3,NA
"volpean01",2023,159,159,541,62,113,23,4,21,60,24,5,52,167,0,5,1,2,10,NA
"vosleja01",2023,20,20,62,6,10,2,1,3,10,0,0,3,25,0,0,0,0,0,NA
"vottojo01",2023,65,65,208,26,42,6,0,14,38,0,0,27,62,0,7,0,0,2,NA
"wadela01",2023,135,135,429,64,110,14,2,17,45,2,0,76,95,3,6,4,4,4,NA
"wadety01",2023,26,26,51,8,13,1,1,0,2,4,0,4,13,0,0,0,0,0,NA
"wainwad01",2023,23,2,2,0,0,0,0,0,0,0,0,0,1,0,0,0,0,0,NA
"walkech02",2023,157,157,582,86,150,36,2,33,103,11,0,62,127,3,8,0,8,13,NA
"walkejo02",2023,117,117,420,51,116,19,2,16,51,7,4,37,104,0,6,0,2,9,NA
"wallach01",2023,65,65,157,18,31,5,1,7,15,0,1,13,57,0,0,2,0,5,NA
"wallfo01",2023,15,15,13,6,6,2,0,1,2,5,1,2,4,0,0,0,0,0,NA
"wallnma01",2023,76,76,213,42,53,11,1,14,41,2,1,28,80,1,13,0,0,1,NA
"wallsta01",2023,99,99,303,50,61,12,2,8,36,22,1,44,92,0,1,1,0,1,NA
"walshja01",2023,39,39,104,10,13,4,0,4,11,0,0,11,45,0,1,0,0,1,NA
"wardta01",2023,97,97,356,60,90,18,0,14,47,4,2,39,80,0,8,0,6,9,NA
"waterdr01",2023,98,98,302,40,69,11,5,8,32,16,5,27,107,0,5,0,3,4,NA
"wellsau01",2023,19,19,70,8,16,6,0,4,13,0,0,3,14,0,0,0,1,3,NA
"wendljo01",2023,112,112,297,33,63,16,3,2,20,7,1,13,67,0,2,3,3,8,NA
"westbjo01",2023,68,68,208,26,54,17,2,3,23,4,1,16,56,0,1,0,3,3,NA
"whiteel04",2023,6,6,14,1,1,0,0,0,0,0,0,2,7,0,1,0,0,0,NA
"wiemejo01",2023,132,132,367,48,75,19,0,13,42,11,4,36,116,0,5,0,2,4,NA
"willial04",2023,46,46,101,7,20,5,0,0,6,0,0,9,35,0,1,1,0,2,NA
"willilu01",2023,11,11,19,1,1,0,0,0,0,4,0,0,7,0,0,0,0,0,NA
"wilsowe01",2023,8,8,16,5,5,0,0,1,2,3,1,6,5,0,0,0,0,0,NA
"winkeje01",2023,61,61,166,16,33,5,0,1,23,0,0,26,51,0,4,0,1,0,NA
"winnma01",2023,37,37,122,8,21,2,0,2,12,2,1,10,26,0,0,2,3,1,NA
"wisdopa01",2023,97,97,268,43,55,8,1,23,46,4,2,30,111,0,2,1,1,4,NA
"wiselbr01",2023,51,51,120,10,21,5,0,2,8,2,1,9,40,0,0,1,1,2,NA
"wittbo02",2023,158,158,641,97,177,28,11,30,96,49,15,40,121,1,4,1,8,11,NA
"wongco01",2023,126,126,371,55,87,25,2,9,36,8,2,22,134,0,6,3,1,4,NA
"wongko01",2023,87,87,224,25,41,6,0,4,27,3,2,18,53,0,5,0,3,1,NA
"wynnsau01",2023,51,51,130,11,27,6,0,1,10,1,0,9,39,0,2,3,1,4,NA
"yastrmi01",2023,106,106,330,54,77,23,1,15,43,2,2,45,99,3,3,2,1,5,NA
"yelicch01",2023,144,144,550,106,153,34,1,19,76,28,3,78,140,7,3,0,1,15,NA
"yepezju01",2023,28,28,60,5,11,1,0,2,2,0,1,4,20,0,1,0,0,0,NA
"yoshima02",2023,140,140,537,71,155,33,3,15,72,8,0,34,81,0,7,0,2,20,NA
"youngja02",2023,16,16,43,8,8,0,3,2,8,2,0,3,13,0,1,0,0,1,NA
"youngja03",2023,33,33,107,9,27,7,1,0,12,13,0,10,22,0,1,3,0,2,NA
"zavalse01",2023,73,73,175,17,30,4,0,7,18,1,0,12,70,0,2,2,2,4,NA
"zuninmi01",2023,42,42,124,11,22,7,0,3,11,0,0,15,61,0,1,0,0,3,NA
